{"cameraMode":{"drawMode":0,"name":"Shaded","section":"Shading Mode"},"sceneLighting":true,"audioPlay":false,"sceneViewState":{"m_AlwaysRefresh":false,"showFog":true,"showSkybox":false,"showFlares":true,"showImageEffects":true,"showParticleSystems":true,"showVisualEffectGraphs":true,"m_FxEnabled":false},"in2DMode":false,"pivot":{"x":1.9195691347122193,"y":-0.35439085960388186,"z":-2.041154146194458},"rotation":{"x":-0.005659756250679493,"y":0.9623361825942993,"z":-0.2713221311569214,"w":-0.019605563953518869},"size":2.0131309032440187,"orthographic":false}