{"cameraMode":{"drawMode":0,"name":"Shaded","section":"Shading Mode"},"sceneLighting":false,"audioPlay":false,"sceneViewState":{"m_AlwaysRefresh":false,"showFog":true,"showSkybox":false,"showFlares":true,"showImageEffects":true,"showParticleSystems":true,"showVisualEffectGraphs":true,"m_FxEnabled":false},"in2DMode":false,"pivot":{"x":-0.9395532608032227,"y":0.6158347129821777,"z":1.7907772064208985},"rotation":{"x":0.17172665894031526,"y":-0.4569128155708313,"z":0.09038614481687546,"w":0.8680891394615173},"size":2.3243980407714845,"orthographic":false}