{"cameraMode":{"drawMode":0,"name":"Shaded","section":"Shading Mode"},"sceneLighting":false,"audioPlay":false,"sceneViewState":{"m_AlwaysRefresh":false,"showFog":true,"showSkybox":false,"showFlares":true,"showImageEffects":true,"showParticleSystems":true,"showVisualEffectGraphs":true,"m_FxEnabled":false},"in2DMode":false,"pivot":{"x":3.2951550483703615,"y":2.437347173690796,"z":0.13121981918811799},"rotation":{"x":0.29015466570854189,"y":-0.5435619354248047,"z":0.20758222043514253,"w":0.7597817182540894},"size":0.24197566509246827,"orthographic":false}