{"cameraMode":{"drawMode":0,"name":"Shaded","section":"Shading Mode"},"sceneLighting":true,"audioPlay":false,"sceneViewState":{"m_AlwaysRefresh":false,"showFog":true,"showSkybox":false,"showFlares":true,"showImageEffects":true,"showParticleSystems":true,"showVisualEffectGraphs":true,"m_FxEnabled":false},"in2DMode":false,"pivot":{"x":12.807289123535157,"y":-31.648923873901368,"z":-50.949790954589847},"rotation":{"x":-0.03418756276369095,"y":-0.9566932916641235,"z":0.26046064496040347,"w":-0.12555339932441712},"size":36.37306594848633,"orthographic":false}