{"cameraMode":{"drawMode":0,"name":"Shaded","section":"Shading Mode"},"sceneLighting":true,"audioPlay":false,"sceneViewState":{"m_AlwaysRefresh":false,"showFog":true,"showSkybox":false,"showFlares":true,"showImageEffects":true,"showParticleSystems":true,"showVisualEffectGraphs":true,"m_FxEnabled":false},"in2DMode":false,"pivot":{"x":-0.00405209930613637,"y":-15.357626914978028,"z":-31.235095977783204},"rotation":{"x":-0.007882789708673954,"y":-0.9644626975059509,"z":0.2625764310359955,"w":-0.028933966532349588},"size":20.928327560424806,"orthographic":false}