{"cameraMode":{"drawMode":0,"name":"Shaded","section":"Shading Mode"},"sceneLighting":true,"audioPlay":false,"sceneViewState":{"m_AlwaysRefresh":false,"showFog":true,"showSkybox":false,"showFlares":true,"showImageEffects":true,"showParticleSystems":true,"showVisualEffectGraphs":true,"m_FxEnabled":false},"in2DMode":false,"pivot":{"x":-0.000052928924560546875,"y":0.739811897277832,"z":-0.0015783309936523438},"rotation":{"x":0.26632124185562136,"y":0.05487864464521408,"z":-0.015142792835831643,"w":0.9622430205345154},"size":0.5675313472747803,"orthographic":false}