{"cameraMode":{"drawMode":0,"name":"Shaded","section":"Shading Mode"},"sceneLighting":false,"audioPlay":false,"sceneViewState":{"m_AlwaysRefresh":false,"showFog":true,"showSkybox":false,"showFlares":true,"showImageEffects":true,"showParticleSystems":true,"showVisualEffectGraphs":true,"m_FxEnabled":false},"in2DMode":false,"pivot":{"x":-3.742185115814209,"y":3.9158852100372316,"z":-0.022678405046463014},"rotation":{"x":-0.2289028763771057,"y":-0.6936070322990418,"z":0.2497425228357315,"w":-0.6357385516166687},"size":0.000017320508050033823,"orthographic":false}