{"cameraMode":{"drawMode":0,"name":"Shaded","section":"Shading Mode"},"sceneLighting":false,"audioPlay":false,"sceneViewState":{"m_AlwaysRefresh":false,"showFog":true,"showSkybox":false,"showFlares":true,"showImageEffects":true,"showParticleSystems":true,"showVisualEffectGraphs":true,"m_FxEnabled":false},"in2DMode":false,"pivot":{"x":52.906063079833987,"y":-14.441323280334473,"z":2.0408499240875246},"rotation":{"x":-0.09814736247062683,"y":-0.6894712448120117,"z":0.09512773901224137,"w":-0.7113175392150879},"size":33.745262145996097,"orthographic":false}