{"cameraMode":{"drawMode":0,"name":"Shaded","section":"Shading Mode"},"sceneLighting":true,"audioPlay":false,"sceneViewState":{"m_AlwaysRefresh":false,"showFog":true,"showSkybox":false,"showFlares":true,"showImageEffects":true,"showParticleSystems":true,"showVisualEffectGraphs":true,"m_FxEnabled":false},"in2DMode":false,"pivot":{"x":-0.11183410882949829,"y":0.08201813697814942,"z":-2.4260802268981935},"rotation":{"x":0.008609091863036156,"y":0.9703659415245056,"z":-0.23901864886283875,"w":0.03494691476225853},"size":4.054137706756592,"orthographic":false}