{"cameraMode":{"drawMode":0,"name":"Shaded","section":"Shading Mode"},"sceneLighting":true,"audioPlay":false,"sceneViewState":{"m_AlwaysRefresh":false,"showFog":true,"showSkybox":false,"showFlares":true,"showImageEffects":true,"showParticleSystems":true,"showVisualEffectGraphs":true,"m_FxEnabled":false},"in2DMode":false,"pivot":{"x":0.5820954442024231,"y":0.49060356616973879,"z":0.23994354903697968},"rotation":{"x":0.0087721087038517,"y":0.9603942632675171,"z":-0.27701255679130556,"w":0.030868491157889367},"size":0.7873383164405823,"orthographic":false}