{"cameraMode":{"drawMode":0,"name":"Shaded","section":"Shading Mode"},"sceneLighting":false,"audioPlay":false,"sceneViewState":{"m_AlwaysRefresh":false,"showFog":true,"showSkybox":false,"showFlares":true,"showImageEffects":true,"showParticleSystems":true,"showVisualEffectGraphs":true,"m_FxEnabled":false},"in2DMode":false,"pivot":{"x":2.3678529262542726,"y":1.9167535305023194,"z":-2.0266706943511965},"rotation":{"x":0.40927138924598696,"y":0.023263288661837579,"z":-0.010438890196383,"w":0.9120608568191528},"size":2.3555259704589845,"orthographic":false}