{"cameraMode":{"drawMode":0,"name":"Shaded","section":"Shading Mode"},"sceneLighting":false,"audioPlay":false,"sceneViewState":{"m_AlwaysRefresh":false,"showFog":true,"showSkybox":false,"showFlares":true,"showImageEffects":true,"showParticleSystems":true,"showVisualEffectGraphs":true,"m_FxEnabled":false},"in2DMode":false,"pivot":{"x":-0.5949143767356873,"y":5.720283508300781,"z":-8.762447357177735},"rotation":{"x":-0.2931913733482361,"y":-0.13366809487342835,"z":0.04143752157688141,"w":-0.9457650184631348},"size":0.0015173202846199275,"orthographic":false}