{"cameraMode":{"drawMode":0,"name":"Shaded","section":"Shading Mode"},"sceneLighting":true,"audioPlay":false,"sceneViewState":{"m_AlwaysRefresh":false,"showFog":true,"showSkybox":false,"showFlares":true,"showImageEffects":true,"showParticleSystems":true,"showVisualEffectGraphs":true,"m_FxEnabled":false},"in2DMode":false,"pivot":{"x":21.36386489868164,"y":-38.83549118041992,"z":-69.17256927490235},"rotation":{"x":0.037613146007061008,"y":0.9584910869598389,"z":-0.23914575576782227,"w":0.15074807405471803},"size":42.435245513916019,"orthographic":false}