{"cameraMode":{"drawMode":0,"name":"Shaded","section":"Shading Mode"},"sceneLighting":false,"audioPlay":false,"sceneViewState":{"m_AlwaysRefresh":false,"showFog":true,"showSkybox":false,"showFlares":true,"showImageEffects":true,"showParticleSystems":true,"showVisualEffectGraphs":true,"m_FxEnabled":false},"in2DMode":false,"pivot":{"x":3.662691831588745,"y":2.506354808807373,"z":0.04195041209459305},"rotation":{"x":-0.21190018951892854,"y":0.4047723114490509,"z":-0.0970047265291214,"w":-0.8842284679412842},"size":0.0006173205329105258,"orthographic":false}