{"cameraMode":{"drawMode":0,"name":"Shaded","section":"Shading Mode"},"sceneLighting":false,"audioPlay":false,"sceneViewState":{"m_AlwaysRefresh":false,"showFog":true,"showSkybox":false,"showFlares":true,"showImageEffects":true,"showParticleSystems":true,"showVisualEffectGraphs":true,"m_FxEnabled":false},"in2DMode":false,"pivot":{"x":0.6556901335716248,"y":-19.018478393554689,"z":24.600841522216798},"rotation":{"x":-0.31321361660957339,"y":-0.014532499015331269,"z":0.004793516825884581,"w":-0.9495714902877808},"size":18.183971405029298,"orthographic":false}