{"cameraMode":{"drawMode":0,"name":"Shaded","section":"Shading Mode"},"sceneLighting":false,"audioPlay":false,"sceneViewState":{"m_AlwaysRefresh":false,"showFog":true,"showSkybox":false,"showFlares":true,"showImageEffects":true,"showParticleSystems":true,"showVisualEffectGraphs":true,"m_FxEnabled":false},"in2DMode":false,"pivot":{"x":3.7148191928863527,"y":3.4372193813323976,"z":-3.0175554752349855},"rotation":{"x":-0.27691152691841128,"y":0.40911129117012026,"z":-0.13182486593723298,"w":-0.8594081997871399},"size":0.000017320508050033823,"orthographic":false}