{"cameraMode":{"drawMode":0,"name":"Shaded","section":"Shading Mode"},"sceneLighting":true,"audioPlay":false,"sceneViewState":{"m_AlwaysRefresh":false,"showFog":true,"showSkybox":true,"showFlares":true,"showImageEffects":true,"showParticleSystems":true,"showVisualEffectGraphs":true,"m_FxEnabled":false},"in2DMode":false,"pivot":{"x":2.284693479537964,"y":-0.000053192401537671685,"z":2.501490831375122},"rotation":{"x":-0.26769864559173586,"y":-0.3683469891548157,"z":0.11177761852741242,"w":-0.8833392858505249},"size":6.775023937225342,"orthographic":false}