{"cameraMode":{"drawMode":0,"name":"Shaded","section":"Shading Mode"},"sceneLighting":true,"audioPlay":false,"sceneViewState":{"m_AlwaysRefresh":false,"showFog":true,"showSkybox":true,"showFlares":true,"showImageEffects":true,"showParticleSystems":true,"showVisualEffectGraphs":true,"m_FxEnabled":false},"in2DMode":false,"pivot":{"x":1.0455282926559449,"y":1.0356006622314454,"z":3.843672752380371},"rotation":{"x":0.24282215535640717,"y":-0.3985542058944702,"z":0.11043442040681839,"w":0.8775554299354553},"size":0.8660253882408142,"orthographic":false}