{"cameraMode":{"drawMode":0,"name":"Shaded","section":"Shading Mode"},"sceneLighting":false,"audioPlay":false,"sceneViewState":{"m_AlwaysRefresh":false,"showFog":true,"showSkybox":false,"showFlares":true,"showImageEffects":true,"showParticleSystems":true,"showVisualEffectGraphs":true,"m_FxEnabled":false},"in2DMode":false,"pivot":{"x":15.389974594116211,"y":-28.395803451538087,"z":30.380508422851564},"rotation":{"x":-0.34153512120246889,"y":-0.19861754775047303,"z":0.07408599555492401,"w":-0.9156635403633118},"size":24.28553581237793,"orthographic":false}